xv_whitea64,
shatter,
IB_mulesigns,
IB_yankeesigns,
IJB_armourlog,
IJB_toyz_128,
crackedgroundba,
polmavrotor8bit64,
jm_scorch1a,
black64a,
black64c,
Smokejoe_64b,
izzy_dirtGlass,
airbuild1shadow,
hangar1shadow,
hangar2shadow,
gunwin_256a,
glasspanel_6dha,
ammu_flag_alfa,
dr_glass_a,
colourboxes,
basedirt_64a,
BuildDirt2_64a,
neon_grade_64,
glass_fence2_64ahv,
izzy_dirtGlass_a,
dr_newscreen_a,
jm_mrbenz_windowa,
xv_badges,
dr_neonlady01_alpha,
dr_livenudegirls_alpha,
dr_moreneon_alpha,
dr_cutout1_alpha,
girls_64alpha,
casinosign,
ng_boxy_a,
ng_crash_a,
ng_dex_a,
ng_dexz_a
ng_dirty16_a,
ng_dog_a,
ng_done_a,
ng_fanny_a,
ng_girly1_a,
ng_gre_a,
ng_hang_a,
ng_hoodz_a,
ng_kiss_a,
ng_mesh_a,
ng_misc_a,
ng_mix_a,
ng_rampge_a,
ng_rstar_a,
ng_RTAG_a,
ng_stain_a,
ng_sych_a,
ng_tag1_a,
ng_tag2_a,
ng_tag3_a,
ng_void_a,
numdersa128,
numdersb128,
tag09_64apha,
neonbarsign04_64A,
luigigraf128a,
1_2_64,
1_2_64a,
3_4_64a,
5_6_64,
8ball_64a,
7_8_64,
xv_shatter,
vehicleshatteralpha128,
woodreflect_a,
gunwin_256a128,
builddirt_64a,
maverickrotor8bit64,
izzy_glass_smk_a,
casinosignalpha,
helipadshadow,
grn_window2a_16,
airbeam_64HVa,
glass2_64,
com_shop_windowframe_alpha,
treeshadowm,
neonwhite64,
dr_eatdrinkplay_alpha,
dirtywhite,
numdersa128,
numdersb128,
wires_rust_64a,
billbrd_light_64,
grad_down_64h,
firewin_64a,
ledgedirt_64a,
tunnel_gradient_sjl,
scratcha64,
xv_scratcha,
dirtyellow128,
bellyup4bit128a,
50percent,
crosshatching_alpha,
whiteline2_64ha,
dr_casaglass_a,
jm_seethesight2a,
glass2clear_64a,
coachdecals4bit128,
airport_cist,
airport_eol,
airport_fran,
izzy_gravenames_a,
speeder4bit128a,
ambudecals128a,
mrwongsdecal4bit128a,
fdlc128,
polmavdecals128,